{
  "yield_rmse": 1.3381437709353177,
  "disease_f1": 0.27860765281598493,
  "disease_classification_report": {
    "0": {
      "precision": 0.014986376021798364,
      "recall": 0.020370370370370372,
      "f1-score": 0.01726844583987441,
      "support": 540.0
    },
    "1": {
      "precision": 0.008393285371702638,
      "recall": 0.014285714285714285,
      "f1-score": 0.010574018126888218,
      "support": 490.0
    },
    "2": {
      "precision": 0.14938080495356038,
      "recall": 0.3814229249011858,
      "f1-score": 0.21468298109010012,
      "support": 506.0
    },
    "3": {
      "precision": 0.01557632398753894,
      "recall": 0.021367521367521368,
      "f1-score": 0.018018018018018018,
      "support": 468.0
    },
    "4": {
      "precision": 0.014044943820224719,
      "recall": 0.020491803278688523,
      "f1-score": 0.016666666666666666,
      "support": 488.0
    },
    "5": {
      "precision": 0.0654911838790932,
      "recall": 0.15757575757575756,
      "f1-score": 0.09252669039145907,
      "support": 495.0
    },
    "6": {
      "precision": 0.022670025188916875,
      "recall": 0.03441682600382409,
      "f1-score": 0.02733485193621868,
      "support": 523.0
    },
    "7": {
      "precision": 0.022727272727272728,
      "recall": 0.03909465020576132,
      "f1-score": 0.028744326777609682,
      "support": 486.0
    },
    "8": {
      "precision": 0.014354066985645933,
      "recall": 0.023255813953488372,
      "f1-score": 0.01775147928994083,
      "support": 516.0
    },
    "9": {
      "precision": 0.007575757575757576,
      "recall": 0.011583011583011582,
      "f1-score": 0.00916030534351145,
      "support": 518.0
    },
    "10": {
      "precision": 0.016748768472906402,
      "recall": 0.035343035343035345,
      "f1-score": 0.022727272727272728,
      "support": 481.0
    },
    "11": {
      "precision": 0.009334889148191364,
      "recall": 0.01532567049808429,
      "f1-score": 0.011602610587382161,
      "support": 522.0
    },
    "12": {
      "precision": 0.01276595744680851,
      "recall": 0.018108651911468814,
      "f1-score": 0.014975041597337771,
      "support": 497.0
    },
    "13": {
      "precision": 0.008951406649616368,
      "recall": 0.014198782961460446,
      "f1-score": 0.010980392156862745,
      "support": 493.0
    },
    "14": {
      "precision": 0.02176541717049577,
      "recall": 0.03163444639718805,
      "f1-score": 0.025787965616045846,
      "support": 569.0
    },
    "15": {
      "precision": 0.015209125475285171,
      "recall": 0.022304832713754646,
      "f1-score": 0.01808590806330068,
      "support": 538.0
    },
    "16": {
      "precision": 0.053,
      "recall": 0.09851301115241635,
      "f1-score": 0.06892067620286085,
      "support": 538.0
    },
    "17": {
      "precision": 0.047764227642276426,
      "recall": 0.09270216962524655,
      "f1-score": 0.06304493628437291,
      "support": 507.0
    },
    "18": {
      "precision": 0.029069767441860465,
      "recall": 0.06423982869379015,
      "f1-score": 0.0400266844563042,
      "support": 467.0
    },
    "19": {
      "precision": 0.01095290251916758,
      "recall": 0.018656716417910446,
      "f1-score": 0.013802622498274672,
      "support": 536.0
    },
    "20": {
      "precision": 0.900386176849193,
      "recall": 0.33134132565681595,
      "f1-score": 0.48441745245325235,
      "support": 27443.0
    },
    "21": {
      "precision": 0.0036144578313253013,
      "recall": 0.005681818181818182,
      "f1-score": 0.004418262150220913,
      "support": 528.0
    },
    "22": {
      "precision": 0.017015706806282723,
      "recall": 0.02636916835699797,
      "f1-score": 0.020684168655529037,
      "support": 493.0
    },
    "23": {
      "precision": 0.016666666666666666,
      "recall": 0.03411513859275053,
      "f1-score": 0.02239328201539538,
      "support": 469.0
    },
    "24": {
      "precision": 0.008450704225352112,
      "recall": 0.01195219123505976,
      "f1-score": 0.009900990099009901,
      "support": 502.0
    },
    "25": {
      "precision": 0.028950542822677925,
      "recall": 0.047244094488188976,
      "f1-score": 0.03590127150336574,
      "support": 508.0
    },
    "26": {
      "precision": 0.01985981308411215,
      "recall": 0.03386454183266932,
      "f1-score": 0.025036818851251842,
      "support": 502.0
    },
    "27": {
      "precision": 0.01376720901126408,
      "recall": 0.021235521235521235,
      "f1-score": 0.016704631738800303,
      "support": 518.0
    },
    "28": {
      "precision": 0.016331658291457288,
      "recall": 0.023985239852398525,
      "f1-score": 0.01943198804185351,
      "support": 542.0
    },
    "29": {
      "precision": 0.018890200708382526,
      "recall": 0.031189083820662766,
      "f1-score": 0.023529411764705882,
      "support": 513.0
    },
    "30": {
      "precision": 0.04028436018957346,
      "recall": 0.059130434782608696,
      "f1-score": 0.04792107117688513,
      "support": 575.0
    },
    "31": {
      "precision": 0.01682085786375105,
      "recall": 0.03690036900369004,
      "f1-score": 0.023108030040439053,
      "support": 542.0
    },
    "32": {
      "precision": 0.010796221322537112,
      "recall": 0.015594541910331383,
      "f1-score": 0.012759170653907496,
      "support": 513.0
    },
    "33": {
      "precision": 0.013201320132013201,
      "recall": 0.03219315895372234,
      "f1-score": 0.018724400234055003,
      "support": 497.0
    },
    "34": {
      "precision": 0.012129380053908356,
      "recall": 0.017786561264822136,
      "f1-score": 0.014423076923076924,
      "support": 506.0
    },
    "35": {
      "precision": 0.024830699774266364,
      "recall": 0.042884990253411304,
      "f1-score": 0.031451036454610434,
      "support": 513.0
    },
    "36": {
      "precision": 0.0136986301369863,
      "recall": 0.027237354085603113,
      "f1-score": 0.018229166666666668,
      "support": 514.0
    },
    "37": {
      "precision": 0.011571841851494697,
      "recall": 0.022770398481973434,
      "f1-score": 0.015345268542199489,
      "support": 527.0
    },
    "38": {
      "precision": 0.010542168674698794,
      "recall": 0.028925619834710745,
      "f1-score": 0.01545253863134658,
      "support": 484.0
    },
    "39": {
      "precision": 0.017857142857142856,
      "recall": 0.02830188679245283,
      "f1-score": 0.021897810218978103,
      "support": 530.0
    },
    "40": {
      "precision": 0.014906832298136646,
      "recall": 0.022770398481973434,
      "f1-score": 0.018018018018018018,
      "support": 527.0
    },
    "41": {
      "precision": 0.01764705882352941,
      "recall": 0.033707865168539325,
      "f1-score": 0.023166023166023165,
      "support": 534.0
    },
    "42": {
      "precision": 0.012702893436838392,
      "recall": 0.03896103896103896,
      "f1-score": 0.019159127195316657,
      "support": 462.0
    },
    "43": {
      "precision": 0.016706443914081145,
      "recall": 0.027944111776447105,
      "f1-score": 0.020911127707244213,
      "support": 501.0
    },
    "44": {
      "precision": 0.016634050880626222,
      "recall": 0.02936096718480138,
      "f1-score": 0.021236727045596503,
      "support": 579.0
    },
    "accuracy": 0.2006,
    "macro avg": {
      "precision": 0.041222789799653714,
      "recall": 0.048140874653970836,
      "f1-score": 0.038375616969290004,
      "support": 50000.0
    },
    "weighted avg": {
      "precision": 0.5039826475566086,
      "recall": 0.2006,
      "f1-score": 0.27860765281598493,
      "support": 50000.0
    }
  }
}